Workbook

Sheet Total_Net_Salary by Department
A3: Department | B3: Sum of Net_Salary_NGN
A4: Finance | B4: 5013500
A5: HR | B5: 3019200
A6: IT | B6: 4232800
A7: Marketing | B7: 2997000
A8: Operations | B8: 4236500
A9: Grand Total | B9: 19499000

Sheet Avg_Salary by Job_Grade
A3: Row Labels | B3: Average of Gross_Salary_NGN
A4: Grade 2 | B4: 207272.73
A5: Grade 3 | B5: 301190.48
A6: Grade 4 | B6: 401666.67
A7: Grade 5 | B7: 572916.67
A8: Grade 6 | B8: 910000
A9: Grand Total | B9: 399242.42

Sheet Employee_Count by Location
A3: Location | B3: Count of Employee_ID
A4: Abuja | B4: 15
A5: Benin | B5: 1
A6: Enugu | B6: 5
A7: Ibadan | B7: 4
A8: Kano | B8: 4
A9: Lagos | B9: 31
A10: Port Harcourt | B10: 6
A11: Grand Total | B11: 66

Sheet Performance_Distributio by Dept
A3: Row Labels | B3: Count of Performance_Rating
A4: Finance | B4: 14
A5: HR | B5: 12
A6: IT | B6: 13
A7: Marketing | B7: 12
A8: Operations | B8: 15
A9: Grand Total | B9: 66

Sheet Total_Training_Hrs by Dept
A3: Department | B3: Sum of Training_Hours_2024
A4: Finance | B4: 387
A5: HR | B5: 200
A6: IT | B6: 301
A7: Marketing | B7: 196
A8: Operations | B8: 292
A9: Grand Total | B9: 1376

Sheet Staff_Records
A1: Employee_ID | B1: Full_Name | C1: Department | D1: Job_Grade | E1: Location | F1: Date_Joined | G1: Employment_Type | H1: Gender | I1: Gross_Salary_NGN | J1: Tax_NGN | K1: Pension_NGN | L1: Net_Salary_NGN | M1: Days_Leave_Entitled | N1: Days_Leave_Taken | O1: Days_Leave_Remaining | P1: Performance_Score | Q1: Performance_Rating | R1: Training_Hours_2024 | S1: Exit_Status | T1: Leave_Status | U1: Performance_Level | V1: Year_Joined | W1: Month_Joined | X1: Number_of_Years_inCompany | AA1: Grade_Label | AB1: Pension_Rate | AC1: Expected_Pension | AD1: Deduction_Check
A2: EMP-001 | B2: Adaeze Okonkwo | C2: Finance | D2: Grade 4 | E2: Lagos | F2: 43539 | G2: Full-Time | H2: F | I2: 420000 | J2: 63000 | K2: 46200 | L2: =I2-J2-K2 -> 310800 | M2: 21 | N2: 14 | O2: 7 | P2: 88 | Q2: Excellent | R2: 24 | S2: Active | T2: =IF(O2 = 0, "Exhausted",IF(O2<=5,"Low","Available")) -> Available | U2: =IF(P2>=85,"Excellent",IF(P2>=70,"Good","NeedsImprovement")) -> Excellent | V2: =YEAR(F:F) -> 2019 | W2: =TEXT(F2,"MMMM") -> March | X2: =DATEDIF(F2,TODAY(),"Y") -> 7 | Y2: Total Gross Salary | Z2: =SUM(I:I) -> 26350000 | AA2: =VLOOKUP(Staff_Records!D2,Grade_Scale!$A:$G,2,FALSE) -> Manager | AB2: =VLOOKUP(D2,Grade_Scale!$A:$G,5,FALSE) -> 0.11 | AC2: =I2*AB2 -> 46200 | AD2: =IF(K:K =AC:AC, "Correct","Mismatch") -> Correct
A3: EMP-002 | B3: Babatunde Akande | C3: HR | D3: Grade 3 | E3: Abuja | F3: 44013 | G3: Full-Time | H3: M | I3: 310000 | J3: 46500 | K3: 34100 | L3: =I3-J3-K3 -> 229400 | M3: 21 | N3: 21 | O3: 0 | P3: 74 | Q3: Good | R3: 18 | S3: Active | T3: =IF(O3 = 0, "Exhausted",IF(O3<=5,"Low","Available")) -> Exhausted | U3: =IF(P3>=85,"Excellent",IF(P3>=70,"Good","NeedsImprovement")) -> Good | V3: =YEAR(F:F) -> 2020 | W3: =TEXT(F3,"MMMM") -> July | X3: =DATEDIF(F3,TODAY(),"Y") -> 5 | Y3: Total Net Salary | Z3: =SUM(L:L) -> 19499000 | AA3: =VLOOKUP(Staff_Records!D3,Grade_Scale!$A:$G,2,FALSE) -> Senior Associate | AB3: =VLOOKUP(D3,Grade_Scale!$A:$G,5,FALSE) -> 0.1 | AC3: =I3*AB3 -> 31000 | AD3: =IF(K:K =AC:AC, "Correct","Mismatch") -> Mismatch
A4: EMP-003 | B4: Chinyere Eze | C4: Operations | D4: Grade 5 | E4: Lagos | F4: 42745 | G4: Full-Time | H4: F | I4: 580000 | J4: 87000 | K4: 63800 | L4: =I4-J4-K4 -> 429200 | M4: 21 | N4: 7 | O4: 14 | P4: 92 | Q4: Excellent | R4: 32 | S4: Active | T4: =IF(O4 = 0, "Exhausted",IF(O4<=5,"Low","Available")) -> Available | U4: =IF(P4>=85,"Excellent",IF(P4>=70,"Good","NeedsImprovement")) -> Excellent | V4: =YEAR(F:F) -> 2017 | W4: =TEXT(F4,"MMMM") -> January | X4: =DATEDIF(F4,TODAY(),"Y") -> 9 | Y4: Average Gross Salary | Z4: =AVERAGE(I:I) -> 399242.42 | AA4: =VLOOKUP(Staff_Records!D4,Grade_Scale!$A:$G,2,FALSE) -> Senior Manager | AB4: =VLOOKUP(D4,Grade_Scale!$A:$G,5,FALSE) -> 0.11 | AC4: =I4*AB4 -> 63800 | AD4: =IF(K:K =AC:AC, "Correct","Mismatch") -> Correct
A5: EMP-004 | B5: Damilola Afolabi | C5: IT | D5: Grade 3 | E5: Port Harcourt | F5: 44308 | G5: Contract | H5: M | I5: 275000 | J5: 41250 | K5: 30250 | L5: =I5-J5-K5 -> 203500 | M5: 14 | N5: 14 | O5: 0 | P5: 68 | Q5: Good | R5: 15 | S5: Active | T5: =IF(O5 = 0, "Exhausted",IF(O5<=5,"Low","Available")) -> Exhausted | U5: =IF(P5>=85,"Excellent",IF(P5>=70,"Good","NeedsImprovement")) -> NeedsImprovement | V5: =YEAR(F:F) -> 2021 | W5: =TEXT(F5,"MMMM") -> April | X5: =DATEDIF(F5,TODAY(),"Y") -> 4 | Y5: Highest Net Salary | Z5: =MAX(L:L) -> 725200 | AA5: =VLOOKUP(Staff_Records!D5,Grade_Scale!$A:$G,2,FALSE) -> Senior Associate | AB5: =VLOOKUP(D5,Grade_Scale!$A:$G,5,FALSE) -> 0.1 | AC5: =I5*AB5 -> 27500 | AD5: =IF(K:K =AC:AC, "Correct","Mismatch") -> Mismatch
A6: EMP-005 | B6: Emeka Nwachukwu | C6: Finance | D6: Grade 5 | E6: lagos | F6: 42618 | G6: Full-Time | H6: M | I6: 620000 | J6: 93000 | K6: 68200 | L6: =I6-J6-K6 -> 458800 | M6: 21 | N6: 10 | O6: 11 | P6: 95 | Q6: Excellent | R6: 40 | S6: Active | T6: =IF(O6 = 0, "Exhausted",IF(O6<=5,"Low","Available")) -> Available | U6: =IF(P6>=85,"Excellent",IF(P6>=70,"Good","NeedsImprovement")) -> Excellent | V6: =YEAR(F:F) -> 2016 | W6: =TEXT(F6,"MMMM") -> September | X6: =DATEDIF(F6,TODAY(),"Y") -> 9 | Y6: Lowest Net Salary | Z6: =MIN(L:L) -> 144300 | AA6: =VLOOKUP(Staff_Records!D6,Grade_Scale!$A:$G,2,FALSE) -> Senior Manager | AB6: =VLOOKUP(D6,Grade_Scale!$A:$G,5,FALSE) -> 0.11 | AC6: =I6*AB6 -> 68200 | AD6: =IF(K:K =AC:AC, "Correct","Mismatch") -> Correct
A7: EMP-006 | B7: Fatima Aliyu | C7: HR | D7: Grade 2 | E7: Abuja | F7: 44879 | G7: Full-Time | H7: F | I7: 220000 | J7: 33000 | K7: 24200 | L7: =I7-J7-K7 -> 162800 | M7: 21 | N7: 5 | O7: 16 | P7: 55 | Q7: Average | R7: 8 | S7: Active | T7: =IF(O7 = 0, "Exhausted",IF(O7<=5,"Low","Available")) -> Available | U7: =IF(P7>=85,"Excellent",IF(P7>=70,"Good","NeedsImprovement")) -> NeedsImprovement | V7: =YEAR(F:F) -> 2022 | W7: =TEXT(F7,"MMMM") -> November | X7: =DATEDIF(F7,TODAY(),"Y") -> 3 | AA7: =VLOOKUP(Staff_Records!D7,Grade_Scale!$A:$G,2,FALSE) -> Associate | AB7: =VLOOKUP(D7,Grade_Scale!$A:$G,5,FALSE) -> 0.08 | AC7: =I7*AB7 -> 17600 | AD7: =IF(K:K =AC:AC, "Correct","Mismatch") -> Mismatch
A8: EMP-007 | B8: Grace Okafor | C8: Operations | D8: Grade 3 | E8: Lagos | F8: 43889 | G8: Full-Time | H8: F | I8: 305000 | J8: 45750 | K8: 33550 | L8: =I8-J8-K8 -> 225700 | M8: 21 | N8: 21 | O8: 0 | P8: 79 | Q8: Good | R8: 22 | S8: Active | T8: =IF(O8 = 0, "Exhausted",IF(O8<=5,"Low","Available")) -> Exhausted | U8: =IF(P8>=85,"Excellent",IF(P8>=70,"Good","NeedsImprovement")) -> Good | V8: =YEAR(F:F) -> 2020 | W8: =TEXT(F8,"MMMM") -> February | X8: =DATEDIF(F8,TODAY(),"Y") -> 6 | AA8: =VLOOKUP(Staff_Records!D8,Grade_Scale!$A:$G,2,FALSE) -> Senior Associate | AB8: =VLOOKUP(D8,Grade_Scale!$A:$G,5,FALSE) -> 0.1 | AC8: =I8*AB8 -> 30500 | AD8: =IF(K:K =AC:AC, "Correct","Mismatch") -> Mismatch
A9: EMP-008 | B9: Hassan Garba | C9: IT | D9: Grade 4 | E9: Abuja | F9: 43268 | G9: Full-Time | H9: M | I9: 410000 | J9: 61500 | K9: 45100 | L9: =I9-J9-K9 -> 303400 | M9: 21 | N9: 3 | O9: 18 | P9: 85 | Q9: Excellent | R9: 28 | S9: Active | T9: =IF(O9 = 0, "Exhausted",IF(O9<=5,"Low","Available")) -> Available | U9: =IF(P9>=85,"Excellent",IF(P9>=70,"Good","NeedsImprovement")) -> Excellent | V9: =YEAR(F:F) -> 2018 | W9: =TEXT(F9,"MMMM") -> June | X9: =DATEDIF(F9,TODAY(),"Y") -> 7 | AA9: =VLOOKUP(Staff_Records!D9,Grade_Scale!$A:$G,2,FALSE) -> Manager | AB9: =VLOOKUP(D9,Grade_Scale!$A:$G,5,FALSE) -> 0.11 | AC9: =I9*AB9 -> 45100 | AD9: =IF(K:K =AC:AC, "Correct","Mismatch") -> Correct
A10: EMP-009 | B10: Ifeoma Chukwu | C10: Marketing | D10: Grade 3 | E10: Lagos | F10: 44417 | G10: Full-Time | H10: F | I10: 295000 | J10: 44250 | K10: 32450 | L10: =I10-J10-K10 -> 218300 | M10: 21 | N10: 0 | O10: 21 | P10: 0 | Q10: Needs Review | R10: 0 | S10: Active | T10: =IF(O10 = 0, "Exhausted",IF(O10<=5,"Low","Available")) -> Available | U10: =IF(P10>=85,"Excellent",IF(P10>=70,"Good","NeedsImprovement")) -> NeedsImprovement | V10: =YEAR(F:F) -> 2021 | W10: =TEXT(F10,"MMMM") -> August | X10: =DATEDIF(F10,TODAY(),"Y") -> 4 | AA10: =VLOOKUP(Staff_Records!D10,Grade_Scale!$A:$G,2,FALSE) -> Senior Associate | AB10: =VLOOKUP(D10,Grade_Scale!$A:$G,5,FALSE) -> 0.1 | AC10: =I10*AB10 -> 29500 | AD10: =IF(K:K =AC:AC, "Correct","Mismatch") -> Mismatch
A11: EMP-010 | B11: James Adeleke | C11: Finance | D11: Grade 6 | E11: Lagos | F11: 41718 | G11: Full-Time | H11: M | I11: 850000 | J11: 127500 | K11: 93500 | L11: =I11-J11-K11 -> 629000 | M11: 21 | N11: 14 | O11: 7 | P11: 96 | Q11: Excellent | R11: 45 | S11: Active | T11: =IF(O11 = 0, "Exhausted",IF(O11<=5,"Low","Available")) -> Available | U11: =IF(P11>=85,"Excellent",IF(P11>=70,"Good","NeedsImprovement")) -> Excellent | V11: =YEAR(F:F) -> 2014 | W11: =TEXT(F11,"MMMM") -> March | X11: =DATEDIF(F11,TODAY(),"Y") -> 12 | AA11: =VLOOKUP(Staff_Records!D11,Grade_Scale!$A:$G,2,FALSE) -> Director | AB11: =VLOOKUP(D11,Grade_Scale!$A:$G,5,FALSE) -> 0.11 | AC11: =I11*AB11 -> 93500 | AD11: =IF(K:K =AC:AC, "Correct","Mismatch") -> Correct
A12: EMP-011 | B12: Kemi Balogun | C12: Marketing | D12: Grade 2 | E12: Ibadan | F12: 44942 | G12: Contract | H12: F | I12: 195000 | J12: 29250 | K12: 21450 | L12: =I12-J12-K12 -> 144300 | M12: 14 | N12: 7 | O12: 7 | P12: 62 | Q12: Average | R12: 10 | S12: Active | T12: =IF(O12 = 0, "Exhausted",IF(O12<=5,"Low","Available")) -> Available | U12: =IF(P12>=85,"Excellent",IF(P12>=70,"Good","NeedsImprovement")) -> NeedsImprovement | V12: =YEAR(F:F) -> 2023 | W12: =TEXT(F12,"MMMM") -> January | X12: =DATEDIF(F12,TODAY(),"Y") -> 3 | AA12: =VLOOKUP(Staff_Records!D12,Grade_Scale!$A:$G,2,FALSE) -> Associate | AB12: =VLOOKUP(D12,Grade_Scale!$A:$G,5,FALSE) -> 0.08 | AC12: =I12*AB12 -> 15600 | AD12: =IF(K:K =AC:AC, "Correct","Mismatch") -> Mismatch
A13: EMP-012 | B13: Lawal Musa | C13: Operations | D13: Grade 4 | E13: Kano | F13: 43741 | G13: Full-Time | H13: M | I13: 390000 | J13: 58500 | K13: 42900 | L13: =I13-J13-K13 -> 288600 | M13: 21 | N13: 21 | O13: 0 | P13: 77 | Q13: Good | R13: 20 | S13: Active | T13: =IF(O13 = 0, "Exhausted",IF(O13<=5,"Low","Available")) -> Exhausted | U13: =IF(P13>=85,"Excellent",IF(P13>=70,"Good","NeedsImprovement")) -> Good | V13: =YEAR(F:F) -> 2019 | W13: =TEXT(F13,"MMMM") -> October | X13: =DATEDIF(F13,TODAY(),"Y") -> 6 | AA13: =VLOOKUP(Staff_Records!D13,Grade_Scale!$A:$G,2,FALSE) -> Manager | AB13: =VLOOKUP(D13,Grade_Scale!$A:$G,5,FALSE) -> 0.11 | AC13: =I13*AB13 -> 42900 | AD13: =IF(K:K =AC:AC, "Correct","Mismatch") -> Correct
A14: EMP-013 | B14: Mercy Osei | C14: HR | D14: Grade 3 | E14: Lagos | F14: 43962 | G14: Full-Time | H14: F | I14: 315000 | J14: 47250 | K14: 34650 | L14: =I14-J14-K14 -> 233100 | M14: 21 | N14: 14 | O14: 7 | P14: 81 | Q14: Good | R14: 19 | S14: Active | T14: =IF(O14 = 0, "Exhausted",IF(O14<=5,"Low","Available")) -> Available | U14: =IF(P14>=85,"Excellent",IF(P14>=70,"Good","NeedsImprovement")) -> Good | V14: =YEAR(F:F) -> 2020 | W14: =TEXT(F14,"MMMM") -> May | X14: =DATEDIF(F14,TODAY(),"Y") -> 5 | AA14: =VLOOKUP(Staff_Records!D14,Grade_Scale!$A:$G,2,FALSE) -> Senior Associate | AB14: =VLOOKUP(D14,Grade_Scale!$A:$G,5,FALSE) -> 0.1 | AC14: =I14*AB14 -> 31500 | AD14: =IF(K:K =AC:AC, "Correct","Mismatch") -> Mismatch
A15: EMP-014 | B15: Ngozi Dike | C15: Finance | D15: Grade 4 | E15: Enugu | F15: 43435 | G15: Full-Time | H15: F | I15: 405000 | J15: 60750 | K15: 44550 | L15: =I15-J15-K15 -> 299700 | M15: 21 | N15: 21 | O15: 0 | P15: 89 | Q15: Excellent | R15: 30 | S15: Active | T15: =IF(O15 = 0, "Exhausted",IF(O15<=5,"Low","Available")) -> Exhausted | U15: =IF(P15>=85,"Excellent",IF(P15>=70,"Good","NeedsImprovement")) -> Excellent | V15: =YEAR(F:F) -> 2018 | W15: =TEXT(F15,"MMMM") -> December | X15: =DATEDIF(F15,TODAY(),"Y") -> 7 | AA15: =VLOOKUP(Staff_Records!D15,Grade_Scale!$A:$G,2,FALSE) -> Manager | AB15: =VLOOKUP(D15,Grade_Scale!$A:$G,5,FALSE) -> 0.11 | AC15: =I15*AB15 -> 44550 | AD15: =IF(K:K =AC:AC, "Correct","Mismatch") -> Correct
A16: EMP-015 | B16: Obinna Ike | C16: IT | D16: Grade 5 | E16: Lagos | F16: 42576 | G16: Full-Time | H16: M | I16: 590000 | J16: 88500 | K16: 64900 | L16: =I16-J16-K16 -> 436600 | M16: 21 | N16: 7 | O16: 14 | P16: 91 | Q16: Excellent | R16: 38 | S16: Active | T16: =IF(O16 = 0, "Exhausted",IF(O16<=5,"Low","Available")) -> Available | U16: =IF(P16>=85,"Excellent",IF(P16>=70,"Good","NeedsImprovement")) -> Excellent | V16: =YEAR(F:F) -> 2016 | W16: =TEXT(F16,"MMMM") -> July | X16: =DATEDIF(F16,TODAY(),"Y") -> 9 | AA16: =VLOOKUP(Staff_Records!D16,Grade_Scale!$A:$G,2,FALSE) -> Senior Manager | AB16: =VLOOKUP(D16,Grade_Scale!$A:$G,5,FALSE) -> 0.11 | AC16: =I16*AB16 -> 64900 | AD16: =IF(K:K =AC:AC, "Correct","Mismatch") -> Correct
A17: EMP-016 | B17: Patience Obi | C17: Operations | D17: Grade 2 | E17: Port Harcourt | F17: 44809 | G17: Full-Time | H17: F | I17: 215000 | J17: 32250 | K17: 23650 | L17: =I17-J17-K17 -> 159100 | M17: 21 | N17: 14 | O17: 7 | P17: 58 | Q17: Average | R17: 9 | S17: Active | T17: =IF(O17 = 0, "Exhausted",IF(O17<=5,"Low","Available")) -> Available | U17: =IF(P17>=85,"Excellent",IF(P17>=70,"Good","NeedsImprovement")) -> NeedsImprovement | V17: =YEAR(F:F) -> 2022 | W17: =TEXT(F17,"MMMM") -> September | X17: =DATEDIF(F17,TODAY(),"Y") -> 3 | AA17: =VLOOKUP(Staff_Records!D17,Grade_Scale!$A:$G,2,FALSE) -> Associate | AB17: =VLOOKUP(D17,Grade_Scale!$A:$G,5,FALSE) -> 0.08 | AC17: =I17*AB17 -> 17200 | AD17: =IF(K:K =AC:AC, "Correct","Mismatch") -> Mismatch
A18: EMP-017 | B18: Quadri Adeyemi | C18: Marketing | D18: Grade 4 | E18: LAGOS | F18: 43569 | G18: Full-Time | H18: M | I18: 385000 | J18: 57750 | K18: 42350 | L18: =I18-J18-K18 -> 284900 | M18: 21 | N18: 0 | O18: 21 | P18: 0 | Q18: Needs Review | R18: 5 | S18: Active | T18: =IF(O18 = 0, "Exhausted",IF(O18<=5,"Low","Available")) -> Available | U18: =IF(P18>=85,"Excellent",IF(P18>=70,"Good","NeedsImprovement")) -> NeedsImprovement | V18: =YEAR(F:F) -> 2019 | W18: =TEXT(F18,"MMMM") -> April | X18: =DATEDIF(F18,TODAY(),"Y") -> 7 | AA18: =VLOOKUP(Staff_Records!D18,Grade_Scale!$A:$G,2,FALSE) -> Manager | AB18: =VLOOKUP(D18,Grade_Scale!$A:$G,5,FALSE) -> 0.11 | AC18: =I18*AB18 -> 42350 | AD18: =IF(K:K =AC:AC, "Correct","Mismatch") -> Correct
... A67: EMP-065 | B67: Ngozi Abiodun | C67: hr | D67: Grade 3 | E67: LAGOS | F67: 44119 | G67: Full-Time | H67: F | I67: 310000 | J67: 46500 | K67: 34100 | L67: =I67-J67-K67 -> 229400 | M67: 21 | N67: 0 | O67: 21 | P67: 0 | Q67: Needs Review | R67: 1 | S67: Exited | T67: =IF(O67 = 0, "Exhausted",IF(O67<=5,"Low","Available")) -> Available | U67: =IF(P67>=85,"Excellent",IF(P67>=70,"Good","NeedsImprovement")) -> NeedsImprovement | V67: =YEAR(F:F) -> 2020 | W67: =TEXT(F67,"MMMM") -> October | X67: =DATEDIF(F67,TODAY(),"Y") -> 5 | AA67: =VLOOKUP(Staff_Records!D67,Grade_Scale!$A:$G,2,FALSE) -> Senior Associate | AB67: =VLOOKUP(D67,Grade_Scale!$A:$G,5,FALSE) -> 0.1 | AC67: =I67*AB67 -> 31000 | AD67: =IF(K:K =AC:AC, "Correct","Mismatch") -> Mismatch

Sheet Grade_Scale
A1: Job_Grade | B1: Grade_Label | C1: Min_Salary_NGN | D1: Max_Salary_NGN | E1: Pension_Rate | F1: Tax_Rate | G1: Annual_Leave_Days
A2: Grade 1 | B2: Junior | C2: 80000 | D2: 149999 | E2: 0.08 | F2: 0.07 | G2: 14
A3: Grade 2 | B3: Associate | C3: 150000 | D3: 249999 | E3: 0.08 | F3: 0.15 | G3: 21
A4: Grade 3 | B4: Senior Associate | C4: 250000 | D4: 349999 | E4: 0.1 | F4: 0.15 | G4: 21
A5: Grade 4 | B5: Manager | C5: 350000 | D5: 499999 | E5: 0.11 | F5: 0.15 | G5: 21
A6: Grade 5 | B6: Senior Manager | C6: 500000 | D6: 699999 | E6: 0.11 | F6: 0.15 | G6: 21
A7: Grade 6 | B7: Director | C7: 700000 | D7: 1200000 | E7: 0.11 | F7: 0.15 | G7: 21
